{"mean": 258.310081850474, "std": 125.755898044744}