{"mean": 2.1706272807434726, "std": 0.6083562510105088}