{"mean": 1.0496010370769229, "std": 0.35239570835434225}